customer_id,total_txn
C99999,36165788.43000004
C06298,1199291.6099999999
C10548,1185664.3199999998
C10612,1126039.5
C10354,1117207.15
